Disaster,Location,Severity,People_Affected,Ambulance_Needed,Resources_Needed,Response_Time,Priority
Earthquake,Islamabad,Low,1556,3,16,217,Low
Flood,Faisalabad,Medium,8913,19,95,232,Medium
Landslide,Faisalabad,Low,3929,7,64,226,Low
Cyclone,Multan,Low,2024,4,46,244,Low
Cyclone,Rawalpindi,High,7584,18,77,216,High
Fire,Karachi,Medium,5027,10,85,216,Medium
Earthquake,Islamabad,Medium,2465,5,59,228,Medium
Earthquake,Rawalpindi,Medium,7686,19,76,224,Medium
Drought,Sialkot,Low,522,4,10,246,Low
Flood,Sukkur,Medium,9314,23,143,230,Medium
Flood,Peshawar,Medium,6861,16,106,215,Medium
Earthquake,Rawalpindi,Medium,6924,16,108,221,Medium
Cyclone,Lahore,High,18460,36,224,209,High
Cyclone,Quetta,Medium,8783,20,106,229,Medium
Flood,Multan,Low,1148,7,43,247,Low
Cyclone,Sukkur,High,12926,28,164,181,High
Drought,Gujranwala,Medium,4078,9,53,230,Medium
Cyclone,Sukkur,Medium,4277,10,83,207,Medium
Heatwave,Islamabad,High,6862,14,110,196,High
Landslide,Sukkur,Medium,5511,12,84,204,Medium
Flood,Sukkur,Low,697,3,27,234,Low
Fire,Lahore,Low,3734,9,60,250,Low
Drought,Lahore,Medium,6179,15,64,214,Medium
Tsunami,Lahore,Low,807,2,22,224,Low
Landslide,Sukkur,High,17750,35,206,200,High
Fire,Rawalpindi,Medium,3220,10,53,226,Medium
Cyclone,Gujranwala,High,1888,7,53,202,High
Tsunami,Multan,Low,2249,8,71,243,Low
Earthquake,Lahore,Medium,6279,13,101,234,Medium
Earthquake,Hyderabad,High,19956,44,237,180,High
Drought,Sukkur,Low,373,2,33,226,Low
Earthquake,Faisalabad,Medium,1292,5,57,215,Medium
Tsunami,Sukkur,Critical,12728,28,169,158,Critical
Tsunami,Hyderabad,Low,4863,13,71,215,Low
Landslide,Sialkot,Low,4628,12,91,235,Low
Flood,Islamabad,Critical,14620,29,174,161,Critical
Heatwave,Faisalabad,Critical,31816,63,325,144,Critical
Earthquake,Hyderabad,High,7044,16,76,215,High
Drought,Faisalabad,Low,2777,8,75,221,Low
Earthquake,Karachi,Critical,20268,41,244,170,Critical
Landslide,Islamabad,Medium,351,3,17,220,Medium
Tsunami,Multan,Low,1785,4,17,232,Low
Cyclone,Sialkot,High,6426,17,85,193,High
Earthquake,Gujranwala,Critical,8088,20,102,176,Critical
Flood,Islamabad,Low,3973,8,79,227,Low
Cyclone,Islamabad,Low,2037,9,38,221,Low
Landslide,Islamabad,Critical,13800,31,173,152,Critical
Earthquake,Islamabad,Critical,26392,52,296,171,Critical
Cyclone,Sukkur,Critical,16084,35,183,152,Critical
Earthquake,Karachi,Low,4572,14,89,225,Low
Drought,Faisalabad,Critical,21476,44,220,155,Critical
Landslide,Quetta,Critical,18948,40,191,156,Critical
Heatwave,Quetta,Low,3168,10,41,223,Low
Tsunami,Sukkur,Low,3869,10,69,224,Low
Fire,Rawalpindi,High,17686,37,184,192,High
Tsunami,Quetta,Medium,5986,15,104,215,Medium
Tsunami,Gujranwala,Low,2576,9,72,249,Low
Cyclone,Islamabad,Medium,4385,10,89,222,Medium
Landslide,Lahore,High,11984,26,145,189,High
Earthquake,Islamabad,High,17002,36,176,186,High
Fire,Peshawar,Critical,32988,66,345,147,Critical
Cyclone,Karachi,High,15470,30,193,185,High
Fire,Sialkot,Critical,6860,15,80,171,Critical
Heatwave,Quetta,Critical,31168,66,323,179,Critical
Drought,Karachi,Low,2673,6,33,210,Low
Landslide,Rawalpindi,Low,1714,3,42,244,Low
Cyclone,Rawalpindi,Medium,6173,14,74,202,Medium
Tsunami,Rawalpindi,Critical,20904,41,238,170,Critical
Flood,Hyderabad,Critical,27524,58,325,163,Critical
Cyclone,Karachi,Medium,849,5,20,239,Medium
Flood,Sialkot,Critical,37264,76,417,160,Critical
Tsunami,Rawalpindi,High,7450,18,95,211,High
Drought,Peshawar,Critical,9960,20,105,176,Critical
Landslide,Peshawar,Critical,1460,3,62,157,Critical
Earthquake,Sialkot,Critical,17488,34,200,171,Critical
Cyclone,Gujranwala,Low,4582,10,47,221,Low
Tsunami,Rawalpindi,High,19336,43,233,212,High
Cyclone,Rawalpindi,Critical,38352,77,426,157,Critical
Heatwave,Faisalabad,High,13882,29,175,205,High
Drought,Rawalpindi,High,9872,23,105,194,High
Heatwave,Lahore,High,5194,15,100,216,High
Fire,Sialkot,Medium,3314,6,61,208,Medium
Landslide,Sialkot,Critical,22016,45,249,143,Critical
Fire,Karachi,Low,1934,7,61,243,Low
Cyclone,Peshawar,Low,3161,9,68,237,Low
Landslide,Hyderabad,Low,4717,11,79,240,Low
Drought,Quetta,Low,2063,5,28,244,Low
Drought,Sialkot,Critical,33120,67,362,142,Critical
Tsunami,Gujranwala,Low,4560,10,45,242,Low
Cyclone,Hyderabad,High,11260,26,145,202,High
Fire,Peshawar,Medium,4316,10,90,225,Medium
Heatwave,Karachi,Low,4052,13,43,221,Low
Earthquake,Islamabad,High,16274,37,197,209,High
Flood,Islamabad,Low,3825,9,65,217,Low
Earthquake,Karachi,Critical,11424,26,151,173,Critical
Fire,Gujranwala,High,11740,23,147,209,High
Fire,Multan,Critical,11492,27,146,160,Critical
Drought,Karachi,Low,1196,7,60,210,Low
Earthquake,Islamabad,High,18108,38,192,180,High
Drought,Karachi,High,16200,36,206,193,High
Drought,Gujranwala,High,6230,16,99,204,High
Heatwave,Sialkot,Low,4491,9,55,247,Low
Landslide,Sialkot,Medium,1062,6,56,206,Medium
Flood,Quetta,Medium,8684,18,94,220,Medium
Earthquake,Multan,Critical,2616,8,32,163,Critical
Landslide,Lahore,Medium,1317,6,37,239,Medium
Tsunami,Karachi,Low,447,2,46,226,Low
Earthquake,Lahore,High,408,1,42,191,High
Landslide,Faisalabad,High,13712,30,175,215,High
Drought,Islamabad,Low,1176,2,31,226,Low
Fire,Islamabad,High,7782,15,109,195,High
Heatwave,Gujranwala,Medium,1213,2,36,217,Medium
Flood,Quetta,Critical,10296,21,128,170,Critical
Landslide,Sialkot,Low,124,4,39,249,Low
Fire,Gujranwala,High,7366,15,117,201,High
Earthquake,Sukkur,Low,4192,8,89,233,Low
Landslide,Sukkur,Medium,7571,19,90,211,Medium
Cyclone,Sialkot,High,12428,27,141,211,High
Fire,Sialkot,High,2180,4,46,207,High
Tsunami,Hyderabad,High,16032,34,181,193,High
Fire,Islamabad,High,16186,36,179,206,High
Flood,Rawalpindi,Low,178,1,29,233,Low
Tsunami,Sukkur,Medium,208,1,10,223,Medium
Heatwave,Sialkot,Medium,8819,19,96,225,Medium
Flood,Multan,Critical,36552,78,391,157,Critical
Earthquake,Karachi,Low,3419,7,72,238,Low
Tsunami,Lahore,Medium,294,2,46,211,Medium
Landslide,Quetta,Low,187,1,48,246,Low
Cyclone,Multan,Low,4386,8,75,218,Low
Flood,Multan,Medium,4601,10,65,236,Medium
Cyclone,Faisalabad,Critical,35508,75,399,154,Critical
Earthquake,Lahore,Critical,19188,43,226,146,Critical
Earthquake,Faisalabad,Critical,1520,4,35,157,Critical
Heatwave,Hyderabad,High,16656,33,211,195,High
Earthquake,Lahore,Medium,7154,18,118,235,Medium
Fire,Quetta,High,6074,14,95,207,High
Fire,Rawalpindi,High,3706,7,77,204,High
Heatwave,Islamabad,High,3356,8,46,192,High
Fire,Lahore,Low,4345,13,55,219,Low
Landslide,Sukkur,Low,1269,7,25,219,Low
Drought,Quetta,Medium,4048,11,79,230,Medium
Cyclone,Multan,Medium,3244,10,77,200,Medium
Cyclone,Hyderabad,Low,4362,8,61,221,Low
Landslide,Faisalabad,Low,2117,6,64,236,Low
Drought,Hyderabad,High,11814,25,140,211,High
Tsunami,Peshawar,Critical,17916,37,222,148,Critical
Heatwave,Sukkur,Critical,26408,53,272,180,Critical
Heatwave,Peshawar,Critical,5576,12,100,173,Critical
Earthquake,Sialkot,Critical,24848,54,289,174,Critical
Cyclone,Karachi,Critical,27008,57,281,160,Critical
Cyclone,Lahore,High,15240,35,184,211,High
Earthquake,Sialkot,Medium,9356,21,127,219,Medium
Tsunami,Sukkur,Low,2042,9,64,226,Low
Flood,Gujranwala,High,7600,17,116,215,High
Cyclone,Hyderabad,Critical,20056,41,220,176,Critical
Cyclone,Lahore,Low,710,6,52,213,Low
Flood,Rawalpindi,High,1238,6,19,205,High
Earthquake,Sukkur,Critical,6524,18,113,146,Critical
Flood,Sukkur,High,13480,30,156,190,High
Cyclone,Sialkot,Low,3156,8,66,213,Low
Earthquake,Sukkur,Medium,6279,13,92,213,Medium
Flood,Quetta,Critical,36620,78,403,156,Critical
Tsunami,Faisalabad,Low,3949,11,75,240,Low
Earthquake,Sialkot,Low,509,2,47,250,Low
Cyclone,Multan,Medium,254,3,47,206,Medium
Landslide,Quetta,High,5814,13,84,208,High
Heatwave,Hyderabad,Medium,1454,7,57,221,Medium
Cyclone,Sialkot,Medium,8289,21,129,216,Medium
Fire,Sialkot,High,14418,30,178,203,High
Heatwave,Multan,High,11054,23,128,203,High
Cyclone,Islamabad,High,18740,38,214,215,High
Heatwave,Sialkot,Low,831,6,10,245,Low
Drought,Sialkot,Low,4376,8,76,226,Low
Cyclone,Rawalpindi,Critical,3188,11,37,162,Critical
Earthquake,Hyderabad,Critical,15456,34,155,141,Critical
Earthquake,Sukkur,Medium,3563,10,59,226,Medium
Drought,Gujranwala,Medium,9386,22,102,207,Medium
Tsunami,Rawalpindi,Critical,31560,63,318,162,Critical
Drought,Rawalpindi,Medium,4541,10,87,238,Medium
Drought,Islamabad,High,1724,7,20,192,High
Heatwave,Sialkot,Low,659,3,18,246,Low
Flood,Peshawar,Critical,18772,41,204,176,Critical
Earthquake,Sukkur,Low,4498,9,92,244,Low
Flood,Quetta,Critical,37328,79,423,151,Critical
Drought,Peshawar,Low,319,4,13,228,Low
Tsunami,Karachi,Critical,12152,24,139,162,Critical
Earthquake,Lahore,Low,2626,8,69,230,Low
Cyclone,Karachi,High,712,2,23,212,High
Cyclone,Rawalpindi,Critical,13976,29,148,171,Critical
Cyclone,Gujranwala,Critical,38868,82,391,168,Critical
Heatwave,Lahore,Critical,9848,19,142,145,Critical
Fire,Sukkur,High,13250,27,182,204,High
Drought,Peshawar,Low,680,3,24,249,Low
Fire,Sialkot,Critical,20012,42,213,158,Critical
Landslide,Faisalabad,Low,1380,3,61,239,Low
Heatwave,Faisalabad,High,18678,42,220,220,High
Cyclone,Karachi,Medium,4039,8,42,209,Medium
Earthquake,Multan,Critical,37536,80,397,150,Critical
Heatwave,Multan,High,12950,30,157,220,High
Earthquake,Hyderabad,Low,4478,13,50,231,Low
Flood,Gujranwala,Critical,22140,49,260,166,Critical
Flood,Peshawar,Low,3194,8,74,250,Low
Earthquake,Karachi,Medium,2392,7,70,239,Medium
Cyclone,Gujranwala,Critical,5536,11,90,176,Critical
Fire,Peshawar,Critical,33216,68,346,165,Critical
Drought,Sukkur,Low,2883,6,75,214,Low
Heatwave,Quetta,Critical,3916,8,80,145,Critical
Heatwave,Quetta,High,3400,11,69,190,High
Cyclone,Lahore,High,14522,29,169,201,High
Drought,Quetta,Medium,3903,9,54,214,Medium
Flood,Quetta,High,2690,7,58,200,High
Fire,Hyderabad,Medium,5680,11,106,220,Medium
Drought,Hyderabad,Low,4929,14,99,228,Low
Flood,Multan,Low,3299,6,76,227,Low
Drought,Karachi,Medium,5447,10,72,238,Medium
Landslide,Lahore,High,1170,5,55,205,High
Heatwave,Gujranwala,High,9156,21,133,197,High
Landslide,Multan,Medium,7481,19,77,228,Medium
Drought,Multan,Medium,8138,19,105,223,Medium
Heatwave,Faisalabad,Low,1918,4,43,247,Low
Fire,Sukkur,Medium,5929,14,85,233,Medium
Cyclone,Sialkot,High,18320,39,233,208,High
Landslide,Sialkot,Medium,6250,15,105,226,Medium
Cyclone,Karachi,Medium,7175,16,91,210,Medium
Flood,Islamabad,Medium,3143,10,66,211,Medium
Flood,Peshawar,Low,4849,12,51,211,Low
Tsunami,Multan,Medium,6327,12,63,208,Medium
Flood,Multan,Critical,6016,15,107,155,Critical
Flood,Gujranwala,Critical,19756,43,213,156,Critical
Heatwave,Rawalpindi,Critical,16548,38,177,145,Critical
Fire,Rawalpindi,High,2608,10,65,193,High
Flood,Karachi,High,2888,6,77,190,High
Earthquake,Gujranwala,Medium,4490,9,72,225,Medium
Fire,Islamabad,Critical,10504,24,119,146,Critical
Earthquake,Rawalpindi,Low,3162,6,71,216,Low
Earthquake,Islamabad,Critical,10508,21,150,144,Critical
Cyclone,Gujranwala,Critical,25932,53,304,170,Critical
Drought,Rawalpindi,High,10576,21,146,215,High
Earthquake,Hyderabad,High,12018,26,143,183,High
Cyclone,Multan,Low,922,3,57,211,Low
Flood,Rawalpindi,High,3198,6,68,205,High
Earthquake,Faisalabad,Low,92,1,34,243,Low
Drought,Sukkur,High,10300,22,150,185,High
Tsunami,Karachi,Critical,29544,60,333,146,Critical
Landslide,Hyderabad,Critical,23984,50,251,156,Critical
Cyclone,Quetta,Low,2259,5,71,249,Low
Tsunami,Sialkot,Low,887,6,54,219,Low
Cyclone,Sukkur,High,4540,9,57,185,High
Landslide,Gujranwala,High,3060,10,48,204,High
Drought,Multan,Low,1585,3,43,229,Low
Fire,Hyderabad,Low,3580,9,46,224,Low
Landslide,Hyderabad,Critical,29812,63,341,155,Critical
Heatwave,Karachi,Critical,36900,77,373,158,Critical
Tsunami,Peshawar,Low,4594,12,56,238,Low
Earthquake,Sialkot,Critical,33980,72,350,180,Critical
Flood,Gujranwala,Medium,6785,13,114,208,Medium
Heatwave,Multan,High,3584,10,67,188,High
Earthquake,Multan,Critical,2120,9,28,173,Critical
Earthquake,Lahore,Medium,1568,4,39,210,Medium
Cyclone,Islamabad,Low,2949,9,31,211,Low
Landslide,Quetta,Critical,36720,76,394,142,Critical
Fire,Karachi,Low,812,2,25,232,Low
Tsunami,Multan,High,19760,39,232,200,High
Earthquake,Faisalabad,Low,4949,9,65,240,Low
Cyclone,Gujranwala,Medium,5415,12,62,229,Medium
Tsunami,Hyderabad,Low,3205,7,42,244,Low
Landslide,Islamabad,Medium,302,1,40,217,Medium
Fire,Sialkot,Critical,19524,42,211,175,Critical
Heatwave,Sialkot,Critical,27516,60,275,168,Critical
Landslide,Faisalabad,Medium,6453,16,85,208,Medium
Flood,Islamabad,High,2974,10,58,214,High
Landslide,Sialkot,High,18534,42,230,191,High
Earthquake,Lahore,High,8154,20,90,217,High
Fire,Quetta,Critical,37880,77,380,178,Critical
Landslide,Sukkur,Critical,34548,74,354,169,Critical
Earthquake,Multan,High,5756,13,77,220,High
Earthquake,Sukkur,Low,3168,8,69,250,Low
Fire,Karachi,High,5754,12,60,216,High
Landslide,Quetta,Low,1187,2,60,237,Low
Landslide,Faisalabad,High,9010,18,130,213,High
Cyclone,Lahore,Low,2516,8,64,250,Low
Tsunami,Rawalpindi,Critical,17988,39,221,180,Critical
Cyclone,Peshawar,High,16358,36,182,214,High
Landslide,Multan,High,4980,12,80,199,High
Heatwave,Rawalpindi,Medium,1136,3,61,222,Medium
Landslide,Quetta,High,5678,11,92,210,High
Flood,Peshawar,Low,3610,9,71,244,Low
Earthquake,Hyderabad,Medium,4621,9,68,214,Medium
Drought,Quetta,High,13998,30,143,185,High
Landslide,Islamabad,High,10022,20,150,208,High
Flood,Lahore,Critical,32132,66,366,159,Critical
Flood,Multan,Medium,1360,7,33,223,Medium
Tsunami,Karachi,Low,3008,11,63,236,Low
Fire,Peshawar,High,8446,20,98,196,High
Landslide,Lahore,Critical,16560,36,176,149,Critical
Fire,Rawalpindi,High,16446,33,197,199,High
Heatwave,Hyderabad,Medium,9828,19,102,200,Medium
Drought,Karachi,Low,1651,3,66,210,Low
Flood,Rawalpindi,Critical,30404,61,336,173,Critical
Earthquake,Hyderabad,High,3704,8,47,188,High
Earthquake,Islamabad,Low,1159,7,37,232,Low
Fire,Peshawar,High,10182,22,135,198,High
Flood,Multan,High,420,1,38,210,High
Tsunami,Rawalpindi,Medium,6583,16,90,234,Medium
Fire,Sukkur,Medium,5543,11,60,200,Medium
Drought,Hyderabad,High,12648,27,148,211,High
Fire,Quetta,Critical,21996,46,233,170,Critical
Flood,Multan,Medium,7312,17,86,219,Medium
Landslide,Islamabad,Medium,5584,14,97,200,Medium
Tsunami,Lahore,Medium,7155,19,92,227,Medium
Flood,Hyderabad,Medium,9838,21,119,218,Medium
Tsunami,Gujranwala,Low,1165,2,34,248,Low
Cyclone,Islamabad,High,10044,25,118,194,High
Cyclone,Peshawar,Low,2676,9,39,210,Low
Earthquake,Sukkur,Low,4991,12,97,245,Low
Tsunami,Karachi,High,6780,14,106,203,High
Drought,Rawalpindi,Medium,7948,17,112,212,Medium
Fire,Faisalabad,Critical,20988,44,239,166,Critical
Cyclone,Sukkur,Medium,3010,8,65,235,Medium
Fire,Hyderabad,Medium,6624,14,114,227,Medium
Fire,Lahore,Medium,5328,13,94,225,Medium
Drought,Karachi,Medium,4875,9,48,215,Medium
Flood,Quetta,Critical,32576,67,332,150,Critical
Fire,Karachi,Low,4767,12,89,234,Low
Tsunami,Gujranwala,Critical,16284,35,184,164,Critical
Drought,Sialkot,High,10878,23,136,194,High
Cyclone,Lahore,Medium,6261,13,77,216,Medium
Landslide,Multan,Critical,18768,39,228,145,Critical
Fire,Rawalpindi,High,13074,30,169,207,High
Earthquake,Karachi,Critical,24320,48,282,180,Critical
Drought,Lahore,Medium,1965,4,34,215,Medium
Flood,Hyderabad,Medium,9338,23,95,233,Medium
Heatwave,Gujranwala,High,6746,18,110,219,High
Cyclone,Sukkur,Critical,39212,78,412,157,Critical
Cyclone,Quetta,Medium,9039,18,114,218,Medium
Heatwave,Karachi,High,6094,17,110,214,High
Tsunami,Sialkot,Critical,36448,74,371,157,Critical
Landslide,Quetta,Critical,2160,8,45,166,Critical
Cyclone,Gujranwala,High,15326,33,169,192,High
Cyclone,Peshawar,Critical,14136,32,175,144,Critical
Flood,Multan,Critical,29132,59,337,151,Critical
Cyclone,Peshawar,Medium,4873,13,66,208,Medium
Drought,Peshawar,Medium,1233,2,13,218,Medium
Tsunami,Quetta,Medium,6803,16,101,207,Medium
Landslide,Quetta,High,16560,37,214,220,High
Earthquake,Hyderabad,Low,1190,5,34,239,Low
Landslide,Multan,Critical,20244,44,234,179,Critical
Tsunami,Rawalpindi,High,8130,21,113,208,High
Drought,Gujranwala,Low,2119,7,49,227,Low
Tsunami,Lahore,Low,1312,6,44,249,Low
Flood,Quetta,High,14064,29,142,211,High
Earthquake,Islamabad,Low,3138,9,49,222,Low
Landslide,Islamabad,Medium,1311,4,54,220,Medium
Fire,Quetta,High,14914,29,161,181,High
Landslide,Lahore,Critical,39584,82,415,149,Critical
Flood,Karachi,Medium,7951,20,111,203,Medium
Earthquake,Sialkot,Critical,38556,77,390,174,Critical
Drought,Hyderabad,Low,3333,10,39,211,Low
Tsunami,Hyderabad,Medium,8855,21,98,211,Medium
Tsunami,Lahore,Critical,33600,71,385,146,Critical
Drought,Peshawar,High,13906,31,173,198,High
Earthquake,Hyderabad,Low,4503,14,79,227,Low
Drought,Multan,Critical,2808,9,28,148,Critical
Cyclone,Hyderabad,Low,2995,6,69,238,Low
Landslide,Multan,Critical,35584,71,359,140,Critical
Flood,Quetta,High,19658,42,209,194,High
Drought,Islamabad,Medium,1492,3,56,205,Medium
Flood,Sukkur,Critical,7564,16,115,149,Critical
Cyclone,Quetta,Low,2083,5,69,210,Low
Tsunami,Sialkot,High,11832,24,131,211,High
Drought,Peshawar,Medium,2825,6,71,213,Medium
Earthquake,Islamabad,Low,412,1,31,231,Low
Tsunami,Lahore,High,18654,40,192,206,High
Tsunami,Quetta,Low,3323,6,46,229,Low
Earthquake,Sialkot,High,11064,27,144,211,High
Landslide,Multan,Medium,7152,17,115,223,Medium
Landslide,Hyderabad,Medium,1835,4,65,229,Medium
Drought,Rawalpindi,Low,136,5,50,212,Low
Tsunami,Karachi,High,3430,7,61,201,High
Drought,Islamabad,Critical,17356,38,214,145,Critical
Landslide,Karachi,Medium,3737,9,41,209,Medium
Fire,Rawalpindi,Critical,33864,69,385,143,Critical
Cyclone,Gujranwala,Critical,34396,73,386,157,Critical
Drought,Karachi,Low,4621,9,55,235,Low
Drought,Lahore,Low,4805,9,49,214,Low
Fire,Faisalabad,Low,4762,12,76,244,Low
Landslide,Karachi,High,7442,18,119,210,High
Drought,Lahore,Medium,7403,17,95,211,Medium
Flood,Faisalabad,Medium,6229,16,64,212,Medium
Landslide,Faisalabad,Critical,26032,54,265,156,Critical
Landslide,Islamabad,Low,3843,9,42,234,Low
Cyclone,Sukkur,High,19486,42,197,180,High
Drought,Sialkot,Medium,8299,19,93,207,Medium
Tsunami,Sialkot,High,5138,10,101,195,High
Heatwave,Gujranwala,Low,2875,10,44,234,Low
Heatwave,Sukkur,Low,251,4,37,238,Low
Heatwave,Sukkur,Medium,8009,20,84,215,Medium
Cyclone,Rawalpindi,Critical,7248,18,108,142,Critical
Heatwave,Sialkot,Critical,19760,42,211,152,Critical
Fire,Multan,Low,3457,6,50,239,Low
Earthquake,Quetta,Low,753,4,33,216,Low
Landslide,Multan,Critical,8004,17,104,173,Critical
Tsunami,Peshawar,Low,1210,3,40,223,Low
Earthquake,Sukkur,Medium,5807,15,98,230,Medium
Cyclone,Gujranwala,Medium,5210,14,77,224,Medium
Landslide,Hyderabad,High,11440,26,141,199,High
Cyclone,Lahore,Critical,30240,60,322,160,Critical
Cyclone,Rawalpindi,Low,1744,3,18,220,Low
Fire,Sialkot,High,17274,38,196,220,High
Flood,Islamabad,Medium,8012,16,123,202,Medium
Flood,Lahore,Critical,23224,48,239,175,Critical
Cyclone,Sukkur,Medium,7901,19,113,233,Medium
Heatwave,Rawalpindi,Low,849,3,10,217,Low
Earthquake,Lahore,High,14556,32,186,196,High
Heatwave,Rawalpindi,Low,3756,9,83,240,Low
Drought,Quetta,Low,2662,8,65,250,Low
Cyclone,Gujranwala,Critical,4800,14,52,159,Critical
Drought,Gujranwala,Critical,20076,43,248,152,Critical
Heatwave,Sukkur,Low,416,4,51,233,Low
Drought,Rawalpindi,Critical,7940,19,116,143,Critical
Cyclone,Rawalpindi,High,940,4,11,193,High
Fire,Peshawar,High,11440,22,158,187,High
Flood,Peshawar,Low,945,2,13,225,Low
Earthquake,Islamabad,High,5584,13,77,220,High
Drought,Sialkot,Low,2048,7,52,237,Low
Cyclone,Quetta,High,17108,35,177,200,High
Fire,Multan,Medium,2958,9,47,200,Medium
Heatwave,Faisalabad,Low,4571,13,95,220,Low
Flood,Islamabad,High,5446,15,97,197,High
Cyclone,Sukkur,Medium,5522,16,74,237,Medium
Earthquake,Gujranwala,Low,4636,12,84,217,Low
Heatwave,Multan,High,14170,28,146,205,High
Fire,Multan,High,15340,33,171,195,High
Heatwave,Rawalpindi,Medium,3898,9,86,200,Medium
Tsunami,Rawalpindi,Critical,26944,58,297,142,Critical
Heatwave,Karachi,Critical,12488,25,148,177,Critical
Drought,Lahore,Medium,3153,6,56,230,Medium
Heatwave,Rawalpindi,Medium,7180,19,113,238,Medium
Fire,Lahore,Low,3290,9,33,219,Low
Heatwave,Multan,Critical,2312,6,53,163,Critical
Heatwave,Rawalpindi,Low,1666,5,26,215,Low
Landslide,Rawalpindi,High,14930,29,183,195,High
Cyclone,Islamabad,Medium,9802,21,112,210,Medium
Landslide,Quetta,Low,3568,9,43,241,Low
Heatwave,Multan,Medium,6470,14,111,205,Medium
Cyclone,Sialkot,Low,86,2,25,249,Low
Landslide,Sialkot,High,7238,17,122,201,High
Heatwave,Islamabad,High,6942,18,103,220,High
Earthquake,Hyderabad,Critical,18640,42,204,143,Critical
Landslide,Lahore,Critical,4500,9,85,143,Critical
Cyclone,Faisalabad,High,19118,39,200,202,High
Landslide,Sukkur,Low,883,2,27,219,Low
Tsunami,Lahore,Medium,8896,19,131,234,Medium
Tsunami,Multan,High,6326,17,113,186,High
Earthquake,Hyderabad,High,12186,27,167,188,High
Fire,Gujranwala,Low,2720,7,68,241,Low
Fire,Lahore,High,6656,15,89,194,High
Cyclone,Quetta,High,15192,35,151,200,High
Drought,Hyderabad,Low,983,4,44,245,Low
Fire,Rawalpindi,High,8796,21,122,202,High
Cyclone,Faisalabad,Critical,32476,69,333,168,Critical
Earthquake,Sialkot,Critical,34984,69,356,152,Critical
Drought,Faisalabad,Critical,20936,42,211,141,Critical
Drought,Peshawar,Critical,39520,82,395,164,Critical
Tsunami,Sialkot,High,12934,26,165,202,High
Heatwave,Peshawar,Medium,6531,16,103,208,Medium
Drought,Hyderabad,Critical,38868,82,413,156,Critical
Flood,Islamabad,Critical,7884,18,112,142,Critical
Cyclone,Rawalpindi,High,11600,27,151,211,High
Drought,Faisalabad,High,11732,25,122,208,High
Drought,Lahore,Low,3800,7,57,245,Low
Flood,Multan,Critical,11704,27,130,158,Critical
Drought,Peshawar,Low,2486,5,71,244,Low
Heatwave,Sukkur,Critical,39076,78,437,171,Critical
Flood,Sialkot,Medium,1488,4,60,212,Medium
Tsunami,Faisalabad,High,4588,14,67,216,High
Landslide,Faisalabad,High,10462,24,117,191,High
Drought,Sialkot,Low,1015,5,36,244,Low
Drought,Multan,Low,2004,5,61,232,Low
Cyclone,Hyderabad,High,10206,24,134,200,High
Heatwave,Sukkur,High,4032,12,49,209,High
Cyclone,Peshawar,High,6198,12,71,197,High
Landslide,Islamabad,Critical,24864,50,259,178,Critical
Drought,Gujranwala,Critical,9664,20,110,175,Critical
Heatwave,Gujranwala,Medium,8469,17,123,210,Medium
Flood,Lahore,Critical,25856,51,274,144,Critical
Drought,Sukkur,High,13904,28,151,213,High
Tsunami,Sukkur,Critical,39484,78,401,149,Critical
Drought,Sialkot,Low,1179,5,22,238,Low
Fire,Rawalpindi,High,19034,38,232,198,High
Heatwave,Lahore,Critical,25544,53,291,156,Critical
Fire,Sialkot,High,14062,33,143,214,High
Flood,Sialkot,Low,1571,4,63,233,Low
Drought,Rawalpindi,Low,4036,10,75,239,Low
Flood,Multan,Critical,35616,73,385,140,Critical
Earthquake,Hyderabad,High,5876,14,99,220,High
Drought,Lahore,Medium,9191,22,126,232,Medium
Fire,Rawalpindi,Low,1416,5,18,234,Low
Heatwave,Islamabad,Medium,8122,21,99,211,Medium
Fire,Quetta,Critical,19328,38,235,141,Critical
Flood,Faisalabad,Low,1199,7,15,249,Low
Landslide,Lahore,Medium,3165,6,47,223,Medium
Drought,Sialkot,Low,2627,6,32,249,Low
Tsunami,Lahore,Medium,7489,16,86,215,Medium
Cyclone,Gujranwala,High,1956,6,65,200,High
Heatwave,Sialkot,High,11964,27,156,184,High
Tsunami,Faisalabad,Critical,1028,5,41,174,Critical
Tsunami,Multan,Low,4019,9,61,234,Low
Drought,Rawalpindi,Medium,2336,7,45,212,Medium
Landslide,Gujranwala,Critical,13184,30,139,173,Critical
Drought,Gujranwala,High,12780,29,169,211,High
Landslide,Karachi,High,18600,39,227,215,High
Earthquake,Lahore,Critical,33524,69,350,149,Critical
Heatwave,Peshawar,Low,4104,9,47,249,Low
Flood,Islamabad,Medium,6803,15,86,218,Medium
Flood,Sialkot,High,16312,37,202,200,High
Tsunami,Gujranwala,Critical,27636,60,280,166,Critical
Cyclone,Karachi,High,14744,29,159,200,High
Earthquake,Islamabad,High,16212,34,182,187,High
Flood,Gujranwala,Medium,2840,5,59,206,Medium
Flood,Islamabad,Low,727,4,35,243,Low
Cyclone,Rawalpindi,Low,4681,9,67,214,Low
Cyclone,Hyderabad,Medium,605,2,45,202,Medium
Flood,Quetta,Critical,14852,33,190,148,Critical
Fire,Faisalabad,Critical,19540,40,214,151,Critical
Cyclone,Sialkot,Low,317,1,47,212,Low
Fire,Sialkot,High,9206,23,129,192,High
Heatwave,Rawalpindi,High,7566,16,84,186,High
Earthquake,Peshawar,Critical,35632,76,392,171,Critical
Cyclone,Peshawar,Medium,4829,10,84,212,Medium
Heatwave,Gujranwala,High,5710,13,80,186,High
Landslide,Multan,Critical,30368,65,323,142,Critical
Tsunami,Quetta,Medium,9367,21,120,236,Medium
Fire,Sialkot,Low,4107,12,51,234,Low
Earthquake,Gujranwala,Medium,9106,18,91,231,Medium
Fire,Quetta,Low,4234,13,62,243,Low
Landslide,Faisalabad,Critical,7816,15,93,179,Critical
Earthquake,Sukkur,Medium,9483,21,144,237,Medium
Flood,Multan,Critical,7884,16,92,156,Critical
Landslide,Lahore,Low,2244,9,67,213,Low
Drought,Sialkot,High,17996,36,226,203,High
Drought,Karachi,High,12220,28,163,194,High
Cyclone,Sialkot,Low,4490,8,71,248,Low
Earthquake,Hyderabad,High,1562,4,32,184,High
Cyclone,Faisalabad,High,14662,31,169,180,High
Earthquake,Islamabad,Medium,9051,22,98,213,Medium
Landslide,Quetta,Medium,3680,9,79,231,Medium
Earthquake,Karachi,High,14130,33,187,185,High
Flood,Multan,Medium,1777,8,38,229,Medium
Tsunami,Hyderabad,Low,2077,9,50,250,Low
Drought,Karachi,Medium,4977,11,78,203,Medium
Tsunami,Karachi,Medium,628,4,34,223,Medium
Earthquake,Sukkur,Medium,7468,17,96,235,Medium
Tsunami,Hyderabad,Critical,17620,37,225,166,Critical
Flood,Multan,Low,2905,8,48,233,Low
Drought,Lahore,High,3050,8,61,183,High
Heatwave,Quetta,High,14586,30,180,219,High
Earthquake,Karachi,Critical,8092,19,86,157,Critical
Drought,Peshawar,Medium,3982,9,50,233,Medium
Tsunami,Faisalabad,Low,1769,8,58,212,Low
Heatwave,Sukkur,Low,4866,13,86,214,Low
Fire,Sialkot,High,11688,27,121,199,High
Drought,Faisalabad,Critical,28460,59,301,144,Critical
Fire,Gujranwala,Critical,11276,26,120,153,Critical
Landslide,Multan,Critical,9524,19,129,173,Critical
Heatwave,Sukkur,Critical,13940,27,151,146,Critical
Heatwave,Faisalabad,Low,1745,7,33,216,Low
Drought,Faisalabad,Medium,1072,7,56,214,Medium
Landslide,Faisalabad,High,18880,39,228,214,High
Tsunami,Faisalabad,Low,2923,9,33,234,Low
Cyclone,Hyderabad,Critical,35280,75,398,152,Critical
Earthquake,Peshawar,Critical,18820,41,192,152,Critical
Landslide,Gujranwala,High,19756,43,198,213,High
Heatwave,Islamabad,Medium,8927,19,121,215,Medium
Cyclone,Rawalpindi,Medium,2858,7,68,236,Medium
Heatwave,Islamabad,Medium,5402,15,55,240,Medium
Drought,Peshawar,Critical,19576,39,232,151,Critical
Tsunami,Hyderabad,Low,2420,7,61,245,Low
Flood,Faisalabad,Low,4741,9,72,245,Low
Heatwave,Multan,Medium,4480,10,93,226,Medium
Tsunami,Faisalabad,High,17056,36,207,186,High
Fire,Islamabad,Medium,1660,8,29,240,Medium
Heatwave,Quetta,Medium,2321,6,25,236,Medium
Cyclone,Gujranwala,High,13686,29,171,202,High
Tsunami,Islamabad,Medium,1071,4,26,229,Medium
Landslide,Islamabad,High,9286,23,126,207,High
Tsunami,Karachi,High,4356,13,77,186,High
Landslide,Lahore,Low,1137,7,41,220,Low
Landslide,Gujranwala,High,8380,18,124,191,High
Flood,Karachi,Medium,2496,5,73,235,Medium
Cyclone,Islamabad,High,10754,22,116,205,High
Earthquake,Sukkur,Medium,4155,12,64,232,Medium
Cyclone,Rawalpindi,High,13068,27,155,201,High
Drought,Gujranwala,Low,4059,8,54,220,Low
Heatwave,Faisalabad,Medium,2429,8,73,234,Medium
Cyclone,Islamabad,Medium,9560,22,132,238,Medium
Heatwave,Lahore,Medium,4502,14,91,228,Medium
Heatwave,Islamabad,High,13772,29,155,202,High
Heatwave,Gujranwala,Low,3123,11,39,230,Low
Flood,Faisalabad,Low,3752,8,66,245,Low
Earthquake,Rawalpindi,Low,668,6,38,230,Low
Landslide,Sukkur,Low,812,1,40,233,Low
Cyclone,Sialkot,High,13400,31,139,206,High
Drought,Faisalabad,Medium,8547,20,110,240,Medium
Cyclone,Sialkot,Critical,18632,39,209,167,Critical
Landslide,Islamabad,Low,3073,8,62,230,Low
Tsunami,Rawalpindi,Critical,30196,63,301,178,Critical
Heatwave,Hyderabad,High,16192,35,203,195,High
Tsunami,Faisalabad,High,10924,24,124,216,High
Drought,Hyderabad,Critical,38536,82,424,174,Critical
Tsunami,Rawalpindi,Medium,140,1,44,213,Medium
Tsunami,Faisalabad,Critical,6504,17,75,164,Critical
Heatwave,Multan,High,15222,35,200,215,High
Landslide,Peshawar,Critical,23876,51,270,156,Critical
Landslide,Islamabad,Low,568,2,13,233,Low
Landslide,Faisalabad,Low,4428,10,72,238,Low
Cyclone,Sialkot,Medium,6616,18,76,228,Medium
Earthquake,Karachi,Critical,14672,34,157,165,Critical
Cyclone,Sialkot,Critical,28556,58,321,140,Critical
Tsunami,Rawalpindi,Critical,14280,33,178,142,Critical
Earthquake,Sukkur,Critical,32820,69,370,158,Critical
Fire,Peshawar,Medium,4499,13,53,238,Medium
Cyclone,Sukkur,High,10778,24,154,181,High
Cyclone,Hyderabad,Medium,4746,14,93,233,Medium
Heatwave,Quetta,High,11266,24,142,188,High
Landslide,Faisalabad,High,18134,40,203,199,High
Landslide,Hyderabad,High,19136,40,193,180,High
Earthquake,Sialkot,Critical,8956,18,103,159,Critical
Cyclone,Multan,Medium,9375,23,141,214,Medium
Landslide,Karachi,High,16102,36,192,193,High
Cyclone,Karachi,Low,2865,6,42,230,Low
Tsunami,Sialkot,High,1786,5,21,181,High
Fire,Rawalpindi,Medium,852,1,24,217,Medium
Landslide,Sukkur,Critical,6924,16,92,175,Critical
Flood,Multan,Low,3814,8,52,242,Low
Fire,Lahore,High,732,6,10,215,High
Landslide,Sialkot,Critical,8540,19,127,176,Critical
Flood,Rawalpindi,Medium,2688,10,39,236,Medium
Flood,Sukkur,Medium,7330,18,106,209,Medium
Landslide,Lahore,Low,3789,8,87,216,Low
Fire,Islamabad,Low,55,5,23,212,Low
Heatwave,Sukkur,High,14218,30,166,209,High
Earthquake,Sukkur,Critical,13656,32,166,162,Critical
Flood,Hyderabad,Critical,9044,18,119,149,Critical
Landslide,Quetta,Medium,5045,11,52,208,Medium
Heatwave,Rawalpindi,Medium,2704,7,29,216,Medium
Heatwave,Hyderabad,High,9178,19,132,203,High
Heatwave,Lahore,High,3258,11,52,217,High
Tsunami,Hyderabad,Medium,6005,14,66,215,Medium
Fire,Sialkot,Medium,4202,11,87,214,Medium
Flood,Lahore,Critical,5800,13,91,156,Critical
Landslide,Peshawar,Critical,24768,51,287,159,Critical
Heatwave,Rawalpindi,Critical,11244,24,129,145,Critical
Earthquake,Gujranwala,High,1896,7,65,216,High
Earthquake,Sukkur,Critical,26372,54,279,165,Critical
Drought,Gujranwala,Low,2552,8,62,246,Low
Heatwave,Gujranwala,Low,1968,3,53,223,Low
Earthquake,Lahore,Critical,28528,60,321,144,Critical
Flood,Gujranwala,Critical,6376,12,74,160,Critical
Fire,Gujranwala,Medium,1659,8,40,230,Medium
Fire,Hyderabad,Medium,117,4,42,211,Medium
Landslide,Sialkot,High,7192,18,95,211,High
Earthquake,Quetta,Low,3956,11,62,246,Low
Cyclone,Sialkot,Low,688,1,43,216,Low
Earthquake,Karachi,High,4548,12,86,218,High
Drought,Multan,Critical,39304,79,397,159,Critical
Cyclone,Hyderabad,Critical,15220,34,185,142,Critical
Drought,Karachi,High,17220,34,188,216,High
Heatwave,Rawalpindi,Low,3695,12,60,234,Low
Heatwave,Rawalpindi,Low,126,3,15,215,Low
Landslide,Hyderabad,Critical,928,5,42,143,Critical
Drought,Rawalpindi,Medium,5729,13,82,221,Medium
Landslide,Sialkot,High,4150,11,63,202,High
Flood,Sukkur,High,14038,28,162,207,High
Earthquake,Multan,Critical,9060,19,121,166,Critical
Cyclone,Faisalabad,High,15852,32,208,187,High
Cyclone,Multan,Low,630,2,36,224,Low
Landslide,Quetta,Critical,15404,32,192,178,Critical
Earthquake,Quetta,Low,3188,9,31,210,Low
Fire,Islamabad,Medium,1563,7,47,240,Medium
Cyclone,Karachi,High,3556,10,43,220,High
Fire,Sukkur,High,3580,8,63,204,High
Earthquake,Sialkot,Low,2616,7,36,213,Low
Fire,Sukkur,Critical,24488,53,258,159,Critical
Flood,Quetta,Critical,20008,41,204,173,Critical
Drought,Sukkur,High,4692,9,78,182,High
Heatwave,Sialkot,Low,3185,9,72,230,Low
Heatwave,Quetta,Medium,2281,6,39,234,Medium
Landslide,Karachi,Low,1220,7,25,246,Low
Flood,Gujranwala,Critical,4880,10,57,149,Critical
Cyclone,Rawalpindi,High,17582,37,186,200,High
Landslide,Sialkot,High,18656,42,196,212,High
Landslide,Islamabad,High,476,1,27,194,High
Heatwave,Sialkot,Medium,2788,5,65,209,Medium
Earthquake,Karachi,Medium,7310,17,118,203,Medium
Cyclone,Gujranwala,Critical,23412,48,241,165,Critical
Landslide,Quetta,Low,1795,4,59,238,Low
Cyclone,Sukkur,Low,1290,3,26,248,Low
Drought,Sialkot,Low,3422,10,60,246,Low
Earthquake,Karachi,Medium,7348,15,94,232,Medium
Cyclone,Quetta,High,7318,17,119,185,High
Fire,Rawalpindi,Critical,6080,12,67,154,Critical
Landslide,Lahore,Critical,6984,14,99,167,Critical
Fire,Islamabad,Medium,2393,8,66,218,Medium
Earthquake,Hyderabad,Medium,2117,7,51,225,Medium
Flood,Lahore,High,19518,44,225,189,High
Fire,Quetta,High,12782,28,140,188,High
Landslide,Quetta,Medium,5859,14,95,221,Medium
Landslide,Islamabad,Critical,28540,60,295,145,Critical
Heatwave,Sialkot,High,10504,24,146,210,High
Earthquake,Quetta,High,4780,12,73,216,High
Heatwave,Quetta,Critical,16636,33,167,143,Critical
Landslide,Quetta,High,9274,18,107,215,High
Drought,Karachi,Critical,5920,15,61,165,Critical
Landslide,Sukkur,Low,2082,5,28,226,Low
Heatwave,Lahore,High,18332,41,219,185,High
Heatwave,Sialkot,High,19892,41,235,205,High
Earthquake,Islamabad,Low,4965,9,59,242,Low
Flood,Sialkot,Critical,19072,40,198,167,Critical
Drought,Sukkur,High,1078,6,50,188,High
Tsunami,Islamabad,Low,2521,6,57,218,Low
Landslide,Gujranwala,Critical,13864,27,140,170,Critical
Flood,Rawalpindi,High,17164,39,207,215,High
Earthquake,Multan,Medium,8448,16,93,212,Medium
Cyclone,Islamabad,Low,1595,8,18,241,Low
Flood,Quetta,Critical,26072,57,270,165,Critical
Landslide,Sukkur,Medium,4942,10,65,236,Medium
Flood,Peshawar,Critical,3976,8,50,152,Critical
Fire,Rawalpindi,Medium,4021,13,73,235,Medium
Heatwave,Islamabad,Medium,8208,18,107,239,Medium
Heatwave,Hyderabad,Low,3211,8,70,243,Low
Landslide,Karachi,Low,973,2,45,225,Low
Fire,Multan,Medium,4049,8,80,215,Medium
Drought,Lahore,Low,4142,11,42,214,Low
Heatwave,Islamabad,Critical,39320,82,439,157,Critical
Earthquake,Sialkot,High,2526,9,71,207,High
Heatwave,Islamabad,Critical,35020,72,392,160,Critical
Tsunami,Rawalpindi,Medium,297,1,20,236,Medium
Drought,Faisalabad,Critical,24064,48,245,145,Critical
Tsunami,Faisalabad,Medium,5285,10,65,207,Medium
Tsunami,Peshawar,Critical,9048,20,118,166,Critical
Earthquake,Gujranwala,Critical,25748,53,295,167,Critical
Fire,Rawalpindi,Low,4706,12,77,233,Low
Tsunami,Sukkur,Medium,6995,18,99,222,Medium
Drought,Gujranwala,Medium,6086,16,70,212,Medium
Heatwave,Islamabad,High,18102,40,195,200,High
Landslide,Peshawar,Critical,11720,27,143,162,Critical
Drought,Sialkot,Critical,31268,64,350,178,Critical
Flood,Sukkur,High,2590,8,34,181,High
Heatwave,Multan,Medium,373,5,53,219,Medium
Earthquake,Karachi,Critical,38892,78,425,150,Critical
Tsunami,Gujranwala,High,2412,6,73,202,High
Landslide,Quetta,High,650,4,17,219,High
Tsunami,Lahore,High,8790,19,126,208,High
Earthquake,Karachi,Critical,14536,30,187,179,Critical
Drought,Islamabad,Medium,752,2,39,209,Medium
Flood,Rawalpindi,Medium,1090,5,26,228,Medium
Heatwave,Faisalabad,High,13240,26,142,182,High
Drought,Rawalpindi,High,16800,34,214,194,High
Flood,Quetta,Medium,4793,10,90,212,Medium
Cyclone,Rawalpindi,High,16618,38,187,203,High
Tsunami,Sukkur,High,13812,28,167,189,High
Heatwave,Hyderabad,Medium,7039,15,108,205,Medium
Heatwave,Peshawar,Critical,26760,58,304,147,Critical
Flood,Faisalabad,High,2900,5,33,183,High
Cyclone,Gujranwala,Critical,35564,75,369,155,Critical
Landslide,Sukkur,High,17816,39,202,219,High
Fire,Faisalabad,High,5202,11,76,189,High
Landslide,Rawalpindi,High,9292,18,100,198,High
Heatwave,Quetta,Low,734,3,13,210,Low
Heatwave,Islamabad,Critical,20708,46,208,161,Critical
Earthquake,Hyderabad,Critical,5576,16,67,147,Critical
Flood,Faisalabad,High,16954,33,202,199,High
Cyclone,Karachi,Medium,3429,9,66,228,Medium
Fire,Quetta,High,5290,15,95,210,High
Landslide,Rawalpindi,Low,4444,10,70,211,Low
Flood,Faisalabad,High,10906,25,118,201,High
Drought,Gujranwala,Low,3250,10,70,223,Low
Earthquake,Multan,High,19416,38,200,214,High
Cyclone,Hyderabad,Critical,4732,13,58,153,Critical
Earthquake,Gujranwala,High,10362,20,133,193,High
Heatwave,Karachi,Critical,29068,63,329,174,Critical
Earthquake,Lahore,Medium,4009,8,78,233,Medium
Fire,Hyderabad,Medium,1048,7,12,216,Medium
Heatwave,Gujranwala,High,8210,16,132,215,High
Landslide,Multan,High,3024,6,64,210,High
Landslide,Faisalabad,Medium,7218,19,104,239,Medium
Drought,Sialkot,Low,1000,2,58,219,Low
Heatwave,Gujranwala,Medium,7528,18,82,201,Medium
Heatwave,Quetta,Medium,1001,5,15,224,Medium
Cyclone,Multan,Low,2583,8,55,247,Low
Heatwave,Quetta,Medium,2977,5,71,233,Medium
Fire,Quetta,Medium,2056,8,28,202,Medium
Drought,Lahore,Low,153,2,39,226,Low
Cyclone,Quetta,Low,1174,5,45,220,Low
Fire,Gujranwala,Critical,1140,7,11,143,Critical
Earthquake,Sialkot,High,5568,12,104,198,High
Landslide,Faisalabad,Critical,32932,66,372,152,Critical
Drought,Rawalpindi,Low,2890,10,69,249,Low
Tsunami,Gujranwala,Medium,8668,22,113,217,Medium
Landslide,Sukkur,Low,4287,13,75,213,Low
Flood,Peshawar,Medium,4347,8,69,229,Medium
Landslide,Sukkur,Critical,11340,24,136,140,Critical
Landslide,Gujranwala,Critical,24768,52,249,144,Critical
Heatwave,Sialkot,Critical,8716,22,131,164,Critical
Fire,Peshawar,Medium,4503,9,78,217,Medium
Heatwave,Hyderabad,High,4068,13,67,203,High
Heatwave,Multan,High,1160,6,25,186,High
Tsunami,Gujranwala,High,11176,24,141,181,High
Tsunami,Sukkur,Low,3567,11,85,228,Low
Drought,Islamabad,Low,2278,8,71,234,Low
Heatwave,Multan,Medium,8682,22,110,214,Medium
Tsunami,Hyderabad,Low,573,2,27,234,Low
Cyclone,Karachi,Medium,4408,11,81,232,Medium
Cyclone,Gujranwala,Critical,38188,76,428,146,Critical
Drought,Karachi,Medium,1362,6,61,220,Medium
Cyclone,Lahore,Low,4114,13,85,241,Low
Drought,Karachi,Critical,30228,64,338,178,Critical
Flood,Faisalabad,Critical,33872,67,344,174,Critical
Tsunami,Lahore,Medium,6000,14,87,205,Medium
Heatwave,Hyderabad,High,2016,4,28,191,High
Drought,Lahore,Low,4142,8,57,222,Low
Drought,Gujranwala,Low,4693,12,76,242,Low
Fire,Rawalpindi,High,5668,12,105,209,High
Heatwave,Multan,Low,3062,10,44,245,Low
Flood,Peshawar,High,5354,11,58,181,High
Fire,Sukkur,High,8558,19,103,182,High
Tsunami,Quetta,Critical,7140,18,109,155,Critical
Earthquake,Quetta,Critical,38008,77,414,173,Critical
Heatwave,Peshawar,Medium,1989,5,45,219,Medium
Earthquake,Karachi,Critical,15368,35,169,161,Critical
Heatwave,Karachi,High,16872,36,180,211,High
Flood,Sialkot,Medium,142,2,10,225,Medium
Fire,Lahore,Low,410,1,49,220,Low
Drought,Karachi,High,602,1,53,181,High
Fire,Sialkot,Medium,4106,12,91,222,Medium
Earthquake,Gujranwala,Critical,3412,9,34,162,Critical
Heatwave,Peshawar,High,15658,32,192,202,High
Landslide,Sialkot,Medium,6063,17,93,240,Medium
Tsunami,Gujranwala,Low,3187,9,38,229,Low
Drought,Lahore,High,5116,12,84,195,High
Earthquake,Sukkur,High,6064,13,60,212,High
Tsunami,Lahore,Medium,679,1,30,217,Medium
Drought,Lahore,Medium,9158,18,132,203,Medium
Tsunami,Sialkot,Critical,27880,60,291,180,Critical
Heatwave,Islamabad,Critical,15112,30,195,156,Critical
Flood,Faisalabad,High,10744,21,127,204,High
Earthquake,Gujranwala,Low,2083,8,46,211,Low
Cyclone,Gujranwala,Critical,27676,60,299,175,Critical
Landslide,Sialkot,Low,2670,8,32,227,Low
Cyclone,Islamabad,Medium,4544,10,54,214,Medium
Earthquake,Lahore,Medium,1376,2,40,209,Medium
Drought,Sukkur,Critical,37856,79,419,161,Critical
Earthquake,Islamabad,High,12416,24,161,205,High
Earthquake,Quetta,Medium,2056,9,36,208,Medium
Heatwave,Quetta,Low,4162,13,57,215,Low
Fire,Rawalpindi,High,1924,3,53,204,High
Landslide,Gujranwala,Critical,12152,26,148,173,Critical
Flood,Lahore,Medium,3756,12,73,239,Medium
Flood,Gujranwala,Critical,34200,69,365,180,Critical
Tsunami,Rawalpindi,High,1704,6,56,194,High
Flood,Quetta,High,13336,28,150,206,High
Landslide,Faisalabad,High,2458,6,67,195,High
Tsunami,Sukkur,Low,3860,10,63,246,Low
Tsunami,Gujranwala,High,9450,18,142,189,High
Drought,Multan,High,10380,20,116,207,High
Fire,Quetta,Medium,5462,11,80,219,Medium
Cyclone,Islamabad,Low,757,1,42,248,Low
Drought,Lahore,Low,4580,11,95,231,Low
Fire,Quetta,Critical,30332,62,338,168,Critical
Fire,Karachi,High,460,5,34,214,High
Fire,Faisalabad,Medium,6144,14,72,208,Medium
Earthquake,Faisalabad,Critical,13548,30,158,153,Critical
Drought,Multan,High,9754,24,132,188,High
Cyclone,Karachi,Low,4668,9,81,247,Low
Heatwave,Quetta,High,10158,20,131,214,High
Fire,Quetta,High,8148,16,97,192,High
Cyclone,Islamabad,Medium,7700,15,96,208,Medium
Heatwave,Rawalpindi,Medium,6133,13,97,219,Medium
Landslide,Lahore,Medium,9794,24,119,233,Medium
Heatwave,Rawalpindi,Critical,32732,70,376,148,Critical
Landslide,Peshawar,Medium,3301,7,78,227,Medium
Flood,Sialkot,Critical,36216,74,387,149,Critical
Heatwave,Faisalabad,High,8232,18,129,216,High
Landslide,Islamabad,Critical,10264,23,110,150,Critical
Fire,Gujranwala,Critical,816,5,50,160,Critical
Earthquake,Rawalpindi,Medium,6818,15,75,204,Medium
Heatwave,Lahore,Medium,491,5,51,235,Medium
Tsunami,Islamabad,Low,1958,3,33,244,Low
Landslide,Hyderabad,Critical,35888,73,386,147,Critical
Drought,Faisalabad,High,11550,25,165,191,High
Landslide,Peshawar,Low,128,1,45,230,Low
Heatwave,Sialkot,Low,2794,5,37,219,Low
Landslide,Gujranwala,Low,61,3,10,211,Low
Cyclone,Lahore,Medium,6264,15,75,220,Medium
Drought,Rawalpindi,Medium,5138,13,83,226,Medium
Heatwave,Sukkur,Medium,1803,5,43,226,Medium
Earthquake,Quetta,High,6922,16,119,199,High
Cyclone,Lahore,Critical,35120,75,372,168,Critical
Drought,Karachi,Low,2001,7,55,250,Low
Tsunami,Lahore,Medium,6978,16,108,217,Medium
Landslide,Lahore,Critical,32644,70,370,149,Critical
Landslide,Sialkot,Low,540,2,48,222,Low
Flood,Sukkur,Critical,9728,19,142,146,Critical
Drought,Quetta,Low,2342,5,26,218,Low
Landslide,Rawalpindi,Critical,6496,17,74,151,Critical
Flood,Karachi,Medium,819,6,32,201,Medium
Flood,Rawalpindi,Critical,15568,31,195,179,Critical
Heatwave,Islamabad,Critical,34460,69,344,179,Critical
Landslide,Gujranwala,Low,3433,6,39,227,Low
Cyclone,Gujranwala,Critical,24808,52,257,178,Critical
Tsunami,Karachi,High,15222,34,182,216,High
Cyclone,Karachi,Low,745,4,45,249,Low
Cyclone,Gujranwala,Critical,38460,80,411,154,Critical
Landslide,Faisalabad,High,3330,11,38,218,High
Fire,Quetta,Low,4190,11,45,224,Low
Earthquake,Islamabad,Medium,2287,5,38,214,Medium
Flood,Sukkur,Low,3280,10,46,211,Low
Landslide,Multan,Low,663,4,29,232,Low
Heatwave,Faisalabad,Critical,39188,80,396,145,Critical
Flood,Sialkot,High,18806,41,226,210,High
Tsunami,Karachi,Low,560,1,10,218,Low
Fire,Hyderabad,Low,3613,12,82,242,Low
Earthquake,Sukkur,Low,1120,7,35,248,Low
Landslide,Rawalpindi,Critical,15916,32,184,170,Critical
Tsunami,Rawalpindi,Low,2439,7,63,233,Low
Drought,Faisalabad,High,8752,20,128,191,High
Fire,Faisalabad,Critical,21044,42,243,164,Critical
Cyclone,Sukkur,Medium,6538,16,83,231,Medium
Fire,Lahore,Medium,5445,13,99,230,Medium
Tsunami,Hyderabad,Critical,21244,42,250,148,Critical
Landslide,Peshawar,High,15034,30,153,190,High
Fire,Karachi,Critical,18220,38,231,152,Critical
Landslide,Faisalabad,Critical,15708,36,168,154,Critical
Heatwave,Sukkur,Critical,5292,12,92,142,Critical
Landslide,Rawalpindi,Critical,13684,27,167,166,Critical
Tsunami,Lahore,Low,1165,7,39,210,Low
Earthquake,Sialkot,Medium,9679,24,96,217,Medium
Heatwave,Hyderabad,High,3770,11,49,206,High
Earthquake,Multan,Low,1323,7,55,224,Low
Fire,Multan,Medium,1831,7,51,212,Medium
Cyclone,Gujranwala,Critical,11172,27,129,153,Critical
Drought,Quetta,Medium,7465,18,86,204,Medium
Tsunami,Faisalabad,Medium,7735,16,79,211,Medium
Earthquake,Karachi,Low,2622,10,76,238,Low
Drought,Gujranwala,Low,3380,8,71,249,Low
Flood,Gujranwala,High,4156,12,73,211,High
Landslide,Lahore,Critical,35520,75,388,160,Critical
Earthquake,Multan,Critical,23880,52,282,169,Critical
Heatwave,Hyderabad,Critical,14004,33,154,155,Critical
Tsunami,Multan,Medium,7504,19,114,227,Medium
Landslide,Lahore,Medium,5151,10,61,225,Medium
Drought,Rawalpindi,Critical,30764,64,350,142,Critical
Tsunami,Quetta,High,8882,22,90,218,High
Earthquake,Gujranwala,Medium,2064,9,43,224,Medium
Cyclone,Peshawar,High,3162,7,46,200,High
Heatwave,Islamabad,Medium,2682,8,67,225,Medium
Flood,Hyderabad,Low,2542,7,25,249,Low
Tsunami,Karachi,Low,4992,14,59,246,Low
Cyclone,Faisalabad,Critical,3040,11,35,178,Critical
Earthquake,Gujranwala,Low,1811,8,35,244,Low
Heatwave,Peshawar,Medium,5470,13,103,233,Medium
Landslide,Quetta,Medium,2530,6,50,202,Medium
Drought,Sukkur,Low,797,5,29,243,Low
Earthquake,Faisalabad,Low,2083,8,62,216,Low
Fire,Lahore,Low,2964,5,54,238,Low
Flood,Gujranwala,Critical,26368,52,288,169,Critical
Flood,Sukkur,Low,4256,13,79,212,Low
Landslide,Multan,Medium,902,2,21,215,Medium
Heatwave,Rawalpindi,Low,2498,8,57,243,Low
Earthquake,Lahore,Critical,17448,37,174,174,Critical
Earthquake,Gujranwala,Critical,11792,26,164,165,Critical
Cyclone,Rawalpindi,Medium,609,2,51,202,Medium
Fire,Sukkur,Medium,6725,13,71,235,Medium
Drought,Peshawar,Low,3754,10,42,234,Low
Heatwave,Islamabad,Medium,9208,20,127,233,Medium
Tsunami,Karachi,High,18226,37,200,220,High
Drought,Peshawar,Medium,4193,10,87,203,Medium
Fire,Karachi,High,3302,8,68,192,High
Drought,Sukkur,High,15340,30,190,198,High
Earthquake,Sialkot,Medium,1769,7,39,228,Medium
Heatwave,Peshawar,High,4780,10,69,205,High
Drought,Rawalpindi,Medium,2089,8,37,219,Medium
Landslide,Faisalabad,Medium,295,5,16,218,Medium
Flood,Lahore,Critical,4440,11,82,169,Critical
Tsunami,Hyderabad,High,7482,17,86,190,High
Cyclone,Gujranwala,High,4482,9,73,207,High
Heatwave,Quetta,Low,1673,3,41,228,Low
Heatwave,Rawalpindi,Medium,6663,16,102,239,Medium
Cyclone,Hyderabad,Critical,24792,52,247,143,Critical
Tsunami,Rawalpindi,Critical,5904,15,75,173,Critical
Earthquake,Karachi,Low,4820,12,59,219,Low
Tsunami,Karachi,High,19404,38,220,209,High
Tsunami,Multan,Critical,17360,37,205,168,Critical
Flood,Karachi,High,2656,8,32,185,High
Drought,Multan,Critical,1828,5,53,172,Critical
Landslide,Sukkur,Critical,4624,9,50,147,Critical
Cyclone,Karachi,Medium,3339,9,65,211,Medium
Earthquake,Faisalabad,High,14730,34,165,217,High
Heatwave,Lahore,Critical,8840,22,109,174,Critical
